{
    "select" : "select_value",
    "from" : "from_value",
    "where" : "platform_id=openhab",    
    "Rule" : [
        {
            "if" : "temperature>10",     
            "then" : [    
                {
                    "key" : "led_id_1",
                    "value" : "turn on"
                },
                {
                    "key" : "led_id_2",
                    "value" : "turn off"
                }
            ], 
            "else" : [ 
                {
                    "key" : "led_id_3",
                    "value" : "turn off"
                }
            ]
        }
    ]
}