{
    "action":{
        "action":[
            {
                "action_type":"call_cross_platform_api",
                "config":{
                    "item":{
                        "item_global_id":"3fb0f3c2-e055-471d-a1a8-b66b58cd1a35",
                        "item_name":"LedVang",
                        "item_type":"Gauge",
                        "platform_id":"4822e03c-1189-4ccd-805b-4e81a0f4ba1e",
                        "thing_global_id":"7b6401bf-317d-459e-8a50-1e4fc946c1a1"
                    },
                    "value":"on"
                },
                "sub_action_id":"anrduwdeh",
                "time":"00s"
            }
        ],
        "action_id":"jomax80tp"
    },
    "action_id":"jomax80tp",
    "condition":{
        "condition_id":"esatmfhx0",
        "condition_type":"item_has_given_state",
        "config":[
            {
                "bitwise_operator":"None",
                "constraint":{
                    "comparation":"GT",
                    "item":{
                        "item_global_id":"e479da2c-65e4-4ebd-8d39-f3c9b1ee997a",
                        "item_name":"Temperature",
                        "item_type":"int",
                        "platform_id":"4822e03c-1189-4ccd-805b-4e81a0f4ba1e",
                        "thing_global_id":"1016eff9-7105-4230-87df-9da4c2a482a5"
                    },
                    "time":"00s",
                    "value":"0"
                }
            }
        ],
        "description":"fix item_type for now"
    },
    "condition_id":"esatmfhx0",
    "rule_id":"0qd86u6ji",
    "rule_name":"rule_3",
    "rule_status":"enable",
    "trigger":{
        "config":[
            {
                "bitwise_operator":"None",
                "constraint":{
                    "comparation":"EQ",
                    "item":{
                        "item_global_id":"5fec3425-368e-49a1-9be3-0ff9e2d0a3ab",
                        "item_name":"LedXanh",
                        "item_type":"string",
                        "platform_id":"4822e03c-1189-4ccd-805b-4e81a0f4ba1e",
                        "thing_global_id":"4d75ae20-63a1-4bca-b7b0-9c4562be60dc"
                    },
                    "time":"00s",
                    "value":"off"
                },
                "trigger_config_id":0
            }
        ],
        "description":"fix item_type for now",
        "outputs":[
            {
                "description":"event created by trigger 6o1s749qg",
                "event_id":"aj2bz0nxi",
                "event_source":"6o1s749qg"
            }
        ],
        "trigger_id":"6o1s749qg",
        "trigger_type":"item_has_given_state"
    },
    "trigger_id":"6o1s749qg"
}