{
    "select" : "Metric",
    "where" : {
        "condition" : {
            "compare" : {
                "keyword" : "MetricId",
                "comparator" : "=",
                "expression" : "Humidity"
            },
            "logic" : {},
            "in_bracket" : {}
        }
    },
    "rule" : {   
            "if" : {
                "compare" : {},
                "logic" : {
                    "operation" : "AND",
                    "condition_1" : {
                        "compare" : {
                            "keyword" : "MetricId",
                            "comparator" : "=",
                            "expression" : "humidity_homeassistant"
                        },
                        "logic" : {},
                        "in_bracket" : {}
                    }, 
                    "condition_2" : {
                        "compare" : {
                            "keyword" : "value",
                            "comparator" : "=",
                            "expression" : "55"
                        },
                        "logic" : {},
                        "in_bracket" : {}
                    }
                }, 
                "in_bracket" : {}
            },
            "then" : [
                {
                    "MetricId" : "LedXanh",
                    "value" : "off"
                },
                {
                    "MetricId" : "LedVang",
                    "value" : "off"
                }
            ], 
            "else" : [ 
                {
                    "MetricId" : "LedDo",
                    "value" : "off"
                }
            ]
    }
}